Métricas,Valores
MSE,8678651.648157727
RMSE,2945.9551334257835
MAE,2254.8789018302195
